27343,http://grist.org/,https://grist.org/feed/
27343,http://grist.org/,http://grist.org/feed/
27343,http://grist.org/,http://grist.org/atom.xml
27343,http://grist.org/,http://grist.org/feed
27343,http://grist.org/,http://grist.org/feeds/posts/default/
27343,http://grist.org/,http://grist.org/?feed=rss
27343,http://grist.org/,http://grist.org/?feed=atom
27343,http://grist.org/,http://grist.org/?feed=rss2
27343,http://grist.org/,http://grist.org/rss
27343,http://grist.org/,http://grist.org/atom
27343,http://grist.org/,http://grist.org/index.rdf
27343,http://grist.org/,http://grist.org/feeds/posts/default
27343,http://grist.org/,http://grist.org/rss.xml
375856,http://www.picardiegazette.fr/,https://www.picardiegazette.fr/feed/
375856,http://www.picardiegazette.fr/,https://www.picardiegazette.fr/comments/feed/
375856,http://www.picardiegazette.fr/,http://www.picardiegazette.fr/feed
375856,http://www.picardiegazette.fr/,http://www.picardiegazette.fr/?feed=rss
375856,http://www.picardiegazette.fr/,http://www.picardiegazette.fr/?feed=atom
375856,http://www.picardiegazette.fr/,http://www.picardiegazette.fr/?feed=rss2
375856,http://www.picardiegazette.fr/,http://www.picardiegazette.fr/rss
375856,http://www.picardiegazette.fr/,http://www.picardiegazette.fr/atom
375856,http://www.picardiegazette.fr/,http://www.picardiegazette.fr/data/rss
123942,http://refugeeresettlementwatch.wordpress.com/,https://refugeeresettlementwatch.wordpress.com/feed/
123942,http://refugeeresettlementwatch.wordpress.com/,https://refugeeresettlementwatch.wordpress.com/comments/feed/
123942,http://refugeeresettlementwatch.wordpress.com/,http://refugeeresettlementwatch.wordpress.com/atom.xml
123942,http://refugeeresettlementwatch.wordpress.com/,http://refugeeresettlementwatch.wordpress.com/feed
123942,http://refugeeresettlementwatch.wordpress.com/,http://refugeeresettlementwatch.wordpress.com/feeds/posts/default/
123942,http://refugeeresettlementwatch.wordpress.com/,http://refugeeresettlementwatch.wordpress.com/?feed=rss
123942,http://refugeeresettlementwatch.wordpress.com/,http://refugeeresettlementwatch.wordpress.com/?feed=atom
123942,http://refugeeresettlementwatch.wordpress.com/,http://refugeeresettlementwatch.wordpress.com/?feed=rss2
123942,http://refugeeresettlementwatch.wordpress.com/,http://refugeeresettlementwatch.wordpress.com/rss
123942,http://refugeeresettlementwatch.wordpress.com/,http://refugeeresettlementwatch.wordpress.com/atom
123942,http://refugeeresettlementwatch.wordpress.com/,http://refugeeresettlementwatch.wordpress.com/index.rdf
123942,http://refugeeresettlementwatch.wordpress.com/,http://refugeeresettlementwatch.wordpress.com/feeds/posts/default
123942,http://refugeeresettlementwatch.wordpress.com/,http://refugeeresettlementwatch.wordpress.com/data/rss
123942,http://refugeeresettlementwatch.wordpress.com/,http://refugeeresettlementwatch.wordpress.com/rss.xml
